{
  "Version": "2012-10-17",
  "Statement": [
    {
      "Sid": "VisualEditor0",
      "Effect": "Allow",
      "Action": [
        "dynamodb:BatchWriteItem",
        "dynamodb:PutItem",
        "dynamodb:Query"
      ],
      "Resource": [
        "arn:aws:dynamodb:<region>:<your account id>:table/Chat-Conversations",
        "arn:aws:dynamodb:<region>:<your account id>:table/Chat-Messages",
        "arn:aws:dynamodb:<region>:<your account id>:table/Chat-Conversations/index/Username-ConversationId-index"
      ]
    }
  ]
}